id,topic
0,7
1,5
2,0
3,17
4,0
5,13
6,15
7,2
8,5
9,1
10,2
11,1
12,17
13,8
14,15
15,3
16,2
17,6
18,6
19,7
20,15
21,6
22,0
23,14
24,3
25,13
26,11
27,7
28,7
29,3
30,5
31,2
32,4
33,3
34,14
35,1
36,9
37,4
38,4
39,1
40,17
41,1
42,8
43,1
44,11
45,1
46,14
47,3
48,11
49,11
50,8
51,8
52,13
53,9
54,3
55,19
56,10
57,17
58,16
59,14
60,8
61,10
62,17
63,19
64,1
65,16
66,18
67,13
68,0
69,9
70,8
71,17
72,10
73,19
74,3
75,6
76,16
77,7
78,18
79,9
80,6
81,18
82,17
83,4
84,12
85,10
86,16
87,15
88,8
89,3
90,14
91,10
92,16
93,15
94,16
95,15
96,9
97,2
98,5
99,16
100,2
101,10
102,14
103,15
104,1
105,16
106,10
107,4
108,14
109,12
110,8
111,3
112,17
113,12
114,8
115,14
116,9
117,1
118,9
119,17
120,12
121,4
122,4
123,5
124,9
125,13
126,16
127,8
128,3
129,1
130,16
131,11
132,7
133,10
134,10
135,10
136,5
137,1
138,3
139,6
140,10
141,14
142,7
143,7
144,10
145,5
146,10
147,12
148,15
149,13
150,13
151,4
152,15
153,4
154,6
155,14
156,18
157,2
158,10
159,4
160,11
161,17
162,9
163,5
164,12
165,8
166,2
167,16
168,3
169,7
170,1
171,7
172,7
173,8
174,4
175,12
176,10
177,0
178,10
179,18
180,4
181,9
182,1
183,0
184,12
185,16
186,8
187,4
188,8
189,14
190,13
191,5
192,13
193,16
194,2
195,1
196,16
197,13
198,3
199,18
200,15
201,7
202,4
203,6
204,15
205,12
206,9
207,14
208,16
209,15
210,2
211,14
212,14
213,6
214,16
215,3
216,1
217,10
218,2
219,15
220,7
221,16
222,11
223,2
224,14
225,2
226,7
227,18
228,5
229,12
230,17
231,5
232,6
233,17
234,15
235,4
236,15
237,9
238,13
239,7
240,3
241,7
242,8
243,10
244,14
245,12
246,14
247,12
248,11
249,8
250,15
251,6
252,4
253,11
254,3
255,17
256,7
257,8
258,10
259,4
260,4
261,2
262,5
263,8
264,1
265,12
266,18
267,1
268,13
269,12
270,8
271,16
272,16
273,8
274,4
275,15
276,5
277,3
278,11
279,1
280,15
281,10
282,3
283,2
284,14
285,13
286,17
287,19
288,6
289,18
290,6
291,3
292,15
293,7
294,10
295,10
296,8
297,4
298,9
299,13
300,10
301,14
302,0
303,6
304,0
305,5
306,16
307,7
308,17
309,16
310,10
311,4
312,4
313,10
314,5
315,4
316,0
317,7
318,9
319,2
320,15
321,13
322,4
323,8
324,1
325,14
326,16
327,12
328,0
329,14
330,16
331,10
332,1
333,14
334,15
335,14
336,16
337,11
338,14
339,13
340,2
341,10
342,13
343,7
344,13
345,16
346,6
347,15
348,10
349,12
350,12
351,16
352,5
353,11
354,3
355,7
356,8
357,18
358,2
359,15
360,8
361,14
362,7
363,10
364,5
365,0
366,1
367,4
368,0
369,6
370,16
371,8
372,4
373,11
374,2
375,14
376,6
377,18
378,9
379,10
380,12
381,12
382,13
383,7
384,6
385,18
386,15
387,4
388,7
389,11
390,7
391,11
392,4
393,14
394,9
395,7
396,12
397,3
398,12
399,4
400,0
401,14
402,2
403,16
404,3
405,8
406,12
407,2
408,3
409,0
410,5
411,7
412,19
413,13
414,12
415,11
416,15
417,6
418,10
419,11
420,15
421,10
422,3
423,1
424,1
425,0
426,5
427,3
428,8
429,16
430,2
431,8
432,13
433,15
434,2
435,5
436,3
437,14
438,17
439,12
440,15
441,18
442,9
443,14
444,4
445,14
446,1
447,18
448,11
449,7
450,13
451,15
452,2
453,2
454,10
455,15
456,3
457,8
458,11
459,8
460,15
461,14
462,11
463,5
464,15
465,16
466,15
467,9
468,14
469,17
470,15
471,18
472,8
473,3
474,15
475,13
476,12
477,13
478,7
479,9
480,14
481,12
482,16
483,3
484,1
485,5
486,2
487,12
488,9
489,3
490,4
491,12
492,2
493,7
494,13
495,1
496,13
497,19
498,15
499,8
500,9
501,16
502,9
503,15
504,0
505,8
506,7
507,14
508,15
509,14
510,14
511,9
512,0
513,18
514,9
515,2
516,12
517,0
518,7
519,5
520,10
521,10
522,0
523,5
524,8
525,16
526,17
527,14
528,13
529,10
530,19
531,1
532,16
533,13
534,7
535,10
536,11
537,9
538,3
539,4
540,5
541,10
542,17
543,3
544,13
545,3
546,17
547,13
548,16
549,8
550,4
551,4
552,19
553,11
554,10
555,11
556,4
557,15
558,10
559,15
560,8
561,0
562,12
563,14
564,9
565,6
566,1
567,16
568,7
569,3
570,1
571,17
572,3
573,17
574,8
575,4
576,19
577,14
578,3
579,12
580,16
581,10
582,10
583,16
584,5
585,0
586,3
587,17
588,9
589,3
590,16
591,11
592,13
593,6
594,10
595,1
596,18
597,9
598,14
599,16
600,14
601,10
602,10
603,0
604,11
605,5
606,3
607,9
608,0
609,5
610,9
611,5
612,15
613,18
614,17
615,0
616,2
617,7
618,7
619,9
620,9
621,14
622,16
623,15
624,6
625,17
626,8
627,14
628,4
629,19
630,1
631,3
632,5
633,7
634,6
635,15
636,11
637,5
638,10
639,17
640,18
641,9
642,9
643,10
644,1
645,7
646,8
647,6
648,7
649,1
650,15
651,17
652,6
653,6
654,10
655,7
656,2
657,5
658,2
659,15
660,6
661,7
662,7
663,5
664,10
665,0
666,8
667,7
668,9
669,11
670,16
671,15
672,10
673,13
674,5
675,17
676,13
677,12
678,11
679,3
680,8
681,14
682,2
683,9
684,2
685,2
686,3
687,15
688,3
689,3
690,5
691,13
692,16
693,13
694,0
695,15
696,9
697,11
698,16
699,16
700,5
701,3
702,14
703,5
704,12
705,1
706,15
707,16
708,9
709,12
710,15
711,19
712,15
713,13
714,10
715,4
716,15
717,11
718,1
719,5
720,12
721,12
722,16
723,8
724,9
725,0
726,7
727,12
728,6
729,12
730,14
731,12
732,10
733,6
734,6
735,5
736,10
737,11
738,8
739,2
740,2
741,2
742,14
743,12
744,17
745,7
746,17
747,11
748,5
749,8
750,10
751,12
752,15
753,16
754,10
755,4
756,10
757,7
758,5
759,15
760,5
761,7
762,7
763,17
764,5
765,10
766,14
767,10
768,4
769,8
770,19
771,15
772,8
773,13
774,7
775,17
776,14
777,14
778,12
779,9
780,9
781,2
782,16
783,3
784,13
785,4
786,5
787,3
788,19
789,11
790,18
791,2
792,3
793,0
794,1
795,9
796,9
797,4
798,4
799,15
800,8
801,18
802,5
803,5
804,13
805,10
806,11
807,17
808,16
809,16
810,14
811,16
812,2
813,1
814,1
815,16
816,1
817,2
818,12
819,12
820,8
821,0
822,17
823,6
824,15
825,11
826,11
827,17
828,8
829,4
830,2
831,16
832,16
833,17
834,12
835,10
836,4
837,14
838,8
839,1
840,4
841,15
842,10
843,6
844,10
845,13
846,12
847,17
848,9
849,3
850,9
851,17
852,4
853,1
854,10
855,3
856,12
857,15
858,14
859,10
860,15
861,10
862,10
863,19
864,8
865,18
866,14
867,16
868,2
869,16
870,5
871,13
872,15
873,5
874,1
875,16
876,11
877,16
878,2
879,9
880,13
881,8
882,17
883,1
884,6
885,10
886,8
887,2
888,14
889,12
890,14
891,14
892,10
893,9
894,11
895,3
896,11
897,17
898,9
899,16
900,5
901,13
902,14
903,7
904,15
905,17
906,14
907,8
908,2
909,4
910,15
911,14
912,4
913,2
914,9
915,10
916,7
917,4
918,0
919,5
920,19
921,1
922,9
923,18
924,9
925,4
926,8
927,12
928,19
929,0
930,10
931,17
932,11
933,7
934,6
935,10
936,11
937,15
938,13
939,16
940,0
941,4
942,5
943,10
944,17
945,0
946,15
947,10
948,2
949,8
950,0
951,13
952,17
953,2
954,5
955,10
956,14
957,13
958,13
959,7
960,9
961,6
962,6
963,7
964,8
965,11
966,7
967,0
968,5
969,12
970,9
971,8
972,12
973,0
974,4
975,12
976,3
977,6
978,1
979,5
980,16
981,19
982,15
983,10
984,15
985,3
986,17
987,15
988,4
989,15
990,4
991,6
992,2
993,15
994,0
995,8
996,13
997,9
998,18
999,7
1000,9
1001,16
1002,18
1003,10
1004,5
1005,6
1006,11
1007,15
1008,3
1009,10
1010,6
1011,14
1012,15
1013,2
1014,9
1015,10
1016,15
1017,8
1018,10
1019,5
1020,19
1021,14
1022,3
1023,4
1024,10
1025,9
1026,12
1027,1
1028,16
1029,8
1030,1
1031,5
1032,12
1033,8
1034,14
1035,3
1036,0
1037,14
1038,15
1039,12
1040,0
1041,8
1042,13
1043,13
1044,11
1045,4
1046,5
1047,13
1048,10
1049,14
1050,16
1051,15
1052,1
1053,14
1054,15
1055,7
1056,16
1057,11
1058,15
1059,11
1060,9
1061,7
1062,15
1063,19
1064,19
1065,15
1066,1
1067,3
1068,6
1069,8
1070,8
1071,13
1072,0
1073,2
1074,18
1075,1
1076,6
1077,16
1078,14
1079,18
1080,8
1081,7
1082,7
1083,0
1084,17
1085,8
1086,4
1087,3
1088,5
1089,0
1090,6
1091,17
1092,4
1093,10
1094,16
1095,6
1096,9
1097,17
1098,2
1099,5
1100,15
1101,12
1102,7
1103,3
1104,5
1105,5
1106,13
1107,3
1108,1
1109,2
1110,11
1111,15
1112,5
1113,16
1114,14
1115,18
1116,15
1117,16
1118,12
1119,12
1120,13
1121,16
1122,3
1123,15
1124,1
1125,13
1126,13
1127,13
1128,7
1129,5
1130,17
1131,5
1132,9
1133,19
1134,5
1135,4
1136,7
1137,10
1138,1
1139,12
1140,3
1141,10
1142,7
1143,9
1144,11
1145,3
1146,1
1147,13
1148,12
1149,0
1150,14
1151,14
1152,3
1153,11
1154,12
1155,3
1156,11
1157,14
1158,10
1159,16
1160,13
1161,11
1162,16
1163,9
1164,9
1165,13
1166,1
1167,14
1168,3
1169,1
1170,13
1171,6
1172,11
1173,2
1174,16
1175,17
1176,3
1177,10
1178,17
1179,6
1180,13
1181,16
1182,6
1183,12
1184,3
1185,1
1186,3
1187,1
1188,16
1189,1
1190,12
1191,17
1192,1
1193,13
1194,5
1195,6
1196,11
1197,1
1198,14
1199,16
1200,3
1201,8
1202,2
1203,0
1204,12
1205,15
1206,15
1207,19
1208,15
1209,12
1210,7
1211,11
1212,11
1213,3
1214,4
1215,11
1216,10
1217,8
1218,15
1219,1
1220,10
1221,3
1222,10
1223,15
1224,14
1225,19
1226,9
1227,3
1228,9
1229,17
1230,13
1231,9
1232,7
1233,6
1234,17
1235,6
1236,3
1237,8
1238,6
1239,2
1240,4
1241,15
1242,1
1243,6
1244,5
1245,9
1246,16
1247,17
1248,3
1249,3
1250,3
1251,15
1252,7
1253,15
1254,3
1255,5
1256,15
1257,6
1258,2
1259,11
1260,7
1261,5
1262,17
1263,6
1264,12
1265,5
1266,4
1267,3
1268,15
1269,15
1270,8
1271,5
1272,1
1273,1
1274,1
1275,11
1276,1
1277,9
1278,17
1279,4
1280,16
1281,13
1282,0
1283,15
1284,1
1285,11
1286,16
1287,12
1288,9
1289,0
1290,13
1291,8
1292,12
1293,3
1294,3
1295,5
1296,14
1297,2
1298,7
1299,14
1300,12
1301,19
1302,18
1303,14
1304,10
1305,10
1306,11
1307,0
1308,3
1309,12
1310,12
1311,14
1312,1
1313,7
1314,18
1315,3
1316,14
1317,16
1318,17
1319,3
1320,16
1321,10
1322,16
1323,11
1324,8
1325,7
1326,8
1327,4
1328,9
1329,14
1330,8
1331,14
1332,4
1333,1
1334,4
1335,17
1336,2
1337,4
1338,0
1339,4
1340,17
1341,15
1342,15
1343,4
1344,6
1345,8
1346,15
1347,17
1348,0
1349,3
1350,9
1351,7
1352,4
1353,13
1354,0
1355,11
1356,4
1357,17
1358,14
1359,0
1360,2
1361,4
1362,11
1363,4
1364,0
1365,11
1366,11
1367,11
1368,15
1369,4
1370,16
1371,2
1372,12
1373,5
1374,9
1375,1
1376,10
1377,5
1378,16
1379,7
1380,6
1381,17
1382,2
1383,14
1384,13
1385,2
1386,17
1387,8
1388,13
1389,0
1390,13
1391,5
1392,8
1393,0
1394,12
1395,3
1396,5
1397,15
1398,2
1399,14
1400,4
1401,9
1402,7
1403,10
1404,3
1405,1
1406,11
1407,19
1408,1
1409,11
1410,17
1411,6
1412,4
1413,8
1414,9
1415,18
1416,14
1417,1
1418,1
1419,3
1420,12
1421,16
1422,17
1423,9
1424,10
1425,7
1426,5
1427,15
1428,15
1429,9
1430,11
1431,9
1432,12
1433,1
1434,10
1435,12
1436,15
1437,12
1438,17
1439,7
1440,8
1441,4
1442,1
1443,4
1444,11
1445,10
1446,14
1447,14
1448,5
1449,16
1450,14
1451,18
1452,6
1453,11
1454,4
1455,14
1456,8
1457,4
1458,14
1459,6
1460,16
1461,17
1462,1
1463,9
1464,6
1465,3
1466,11
1467,18
1468,2
1469,7
1470,11
1471,1
1472,11
1473,9
1474,6
1475,2
1476,3
1477,4
1478,0
1479,16
1480,18
1481,13
1482,0
1483,16
1484,9
1485,9
1486,3
1487,6
1488,16
1489,18
1490,13
1491,0
1492,4
1493,3
1494,15
1495,9
1496,13
1497,17
1498,5
1499,3
1500,18
1501,9
1502,14
1503,16
1504,3
1505,5
1506,3
1507,12
1508,6
1509,1
1510,14
1511,4
1512,14
1513,1
1514,7
1515,15
1516,2
1517,11
1518,19
1519,15
1520,8
1521,19
1522,1
1523,9
1524,13
1525,6
1526,17
1527,7
1528,6
1529,7
1530,6
1531,14
1532,19
1533,14
1534,19
1535,16
1536,6
1537,8
1538,15
1539,15
1540,3
1541,16
1542,10
1543,2
1544,10
1545,16
1546,3
1547,10
1548,2
1549,6
1550,8
1551,2
1552,5
1553,10
1554,17
1555,12
1556,16
1557,6
1558,2
1559,2
1560,14
1561,1
1562,4
1563,1
1564,14
1565,6
1566,3
1567,8
1568,18
1569,12
1570,13
1571,3
1572,11
1573,18
1574,14
1575,6
1576,7
1577,6
1578,5
1579,2
1580,3
1581,5
1582,12
1583,10
1584,0
1585,17
1586,8
1587,13
1588,2
1589,9
1590,2
1591,15
1592,5
1593,1
1594,9
1595,18
1596,3
1597,9
1598,9
1599,10
1600,6
1601,15
1602,11
1603,8
1604,17
1605,11
1606,19
1607,5
1608,11
1609,9
1610,11
1611,9
1612,9
1613,16
1614,19
1615,3
1616,15
1617,2
1618,11
1619,17
1620,1
1621,12
1622,6
1623,1
1624,6
1625,14
1626,3
1627,15
1628,3
1629,19
1630,2
1631,8
1632,14
1633,13
1634,17
1635,11
1636,5
1637,4
1638,6
1639,11
1640,13
1641,12
1642,4
1643,8
1644,16
1645,12
1646,1
1647,1
1648,19
1649,13
1650,13
1651,12
1652,16
1653,1
1654,5
1655,18
1656,1
1657,17
1658,10
1659,3
1660,8
1661,13
1662,11
1663,0
1664,13
1665,16
1666,10
1667,3
1668,4
1669,11
1670,2
1671,18
1672,19
1673,2
1674,16
1675,18
1676,15
1677,12
1678,10
1679,10
1680,11
1681,16
1682,9
1683,6
1684,13
1685,9
1686,0
1687,6
1688,7
1689,15
1690,15
1691,14
1692,8
1693,2
1694,13
1695,12
1696,18
1697,6
1698,1
1699,17
1700,9
1701,12
1702,15
1703,16
1704,13
1705,17
1706,14
1707,12
1708,3
1709,5
1710,3
1711,0
1712,4
1713,1
1714,11
1715,6
1716,15
1717,0
1718,3
1719,10
1720,0
1721,8
1722,2
1723,5
1724,17
1725,12
1726,5
1727,3
1728,8
1729,16
1730,16
1731,4
1732,18
1733,4
1734,6
1735,18
1736,4
1737,16
1738,17
1739,9
1740,17
1741,16
1742,13
1743,6
1744,1
1745,3
1746,18
1747,6
1748,4
1749,0
1750,14
1751,12
1752,7
1753,15
1754,3
1755,18
1756,13
1757,2
1758,4
1759,11
1760,10
1761,2
1762,13
1763,17
1764,9
1765,3
1766,1
1767,5
1768,17
1769,6
1770,4
1771,17
1772,10
1773,17
1774,4
1775,14
1776,2
1777,17
1778,16
1779,3
1780,9
1781,6
1782,3
1783,12
1784,14
1785,7
1786,8
1787,11
1788,10
1789,13
1790,8
1791,3
1792,7
1793,10
1794,2
1795,8
1796,16
1797,13
1798,2
1799,3
1800,6
1801,8
1802,2
1803,12
1804,16
1805,18
1806,3
1807,3
1808,11
1809,4
1810,16
1811,16
1812,16
1813,18
1814,17
1815,7
1816,6
1817,1
1818,11
1819,14
1820,6
1821,15
1822,13
1823,10
1824,12
1825,10
1826,11
1827,15
1828,16
1829,17
1830,9
1831,15
1832,8
1833,9
1834,2
1835,9
1836,8
1837,19
1838,10
1839,15
1840,16
1841,12
1842,0
1843,16
1844,16
1845,6
1846,6
1847,1
1848,15
1849,15
1850,12
1851,18
1852,12
1853,2
1854,13
1855,15
1856,18
1857,3
1858,12
1859,9
1860,7
1861,15
1862,7
1863,3
1864,18
1865,11
1866,15
1867,7
1868,2
1869,6
1870,1
1871,2
1872,11
1873,11
1874,0
1875,15
1876,4
1877,11
1878,8
1879,9
1880,16
1881,1
1882,8
1883,16
1884,14
1885,6
1886,7
1887,13
1888,16
1889,12
1890,6
1891,0
1892,16
1893,4
1894,4
1895,1
1896,14
1897,10
1898,2
1899,6
1900,5
1901,13
1902,16
1903,3
1904,9
1905,14
1906,4
1907,12
1908,14
1909,19
1910,19
1911,8
1912,14
1913,17
1914,8
1915,1
1916,0
1917,14
1918,13
1919,1
1920,16
1921,7
1922,4
1923,7
1924,10
1925,17
1926,15
1927,11
1928,5
1929,6
1930,4
1931,19
1932,11
1933,5
1934,3
1935,8
1936,11
1937,12
1938,16
1939,3
1940,13
1941,2
1942,14
1943,16
1944,10
1945,4
1946,9
1947,7
1948,3
1949,16
1950,14
1951,1
1952,4
1953,8
1954,14
1955,11
1956,11
1957,9
1958,6
1959,19
1960,17
1961,2
1962,12
1963,10
1964,12
1965,5
1966,14
1967,7
1968,9
1969,11
1970,1
1971,3
1972,19
1973,6
1974,12
1975,4
1976,9
1977,16
1978,3
1979,11
1980,1
1981,16
1982,8
1983,10
1984,10
1985,9
1986,6
1987,7
1988,0
1989,7
1990,10
1991,15
1992,3
1993,0
1994,16
1995,11
1996,16
1997,11
1998,11
1999,4
2000,14
2001,13
2002,18
2003,0
2004,11
2005,12
2006,11
2007,14
2008,0
2009,15
2010,9
2011,1
2012,4
2013,12
2014,0
2015,2
2016,9
2017,10
2018,11
2019,1
2020,19
2021,17
2022,9
2023,11
2024,12
2025,13
2026,0
2027,6
2028,12
2029,13
2030,8
2031,19
2032,12
2033,16
2034,18
2035,3
2036,2
2037,3
2038,19
2039,0
2040,16
2041,2
2042,7
2043,2
2044,10
2045,11
2046,0
2047,2
2048,2
2049,4
2050,9
2051,12
2052,15
2053,18
2054,6
2055,15
2056,7
2057,0
2058,15
2059,4
2060,9
2061,14
2062,14
2063,12
2064,17
2065,14
2066,10
2067,13
2068,17
2069,4
2070,0
2071,6
2072,1
2073,18
2074,17
2075,16
2076,12
2077,13
2078,13
2079,4
2080,2
2081,10
2082,1
2083,15
2084,4
2085,7
2086,14
2087,3
2088,11
2089,5
2090,6
2091,13
2092,9
2093,6
2094,5
2095,9
2096,5
2097,10
2098,13
2099,10
2100,13
2101,2
2102,6
2103,13
2104,16
2105,1
2106,17
2107,9
2108,10
2109,0
2110,0
2111,3
2112,13
2113,17
2114,8
2115,11
2116,17
2117,0
2118,18
2119,14
2120,0
2121,19
2122,4
2123,5
2124,13
2125,14
2126,10
2127,4
2128,8
2129,4
2130,9
2131,13
2132,14
2133,11
2134,6
2135,16
2136,10
2137,13
2138,3
2139,15
2140,17
2141,12
2142,7
2143,2
2144,15
2145,5
2146,13
2147,2
2148,2
2149,7
2150,16
2151,8
2152,14
2153,7
2154,15
2155,15
2156,12
2157,6
2158,0
2159,5
2160,3
2161,14
2162,13
2163,0
2164,4
2165,8
2166,10
2167,16
2168,16
2169,13
2170,5
2171,16
2172,0
2173,13
2174,6
2175,16
2176,13
2177,13
2178,9
2179,2
2180,14
2181,2
2182,8
2183,4
2184,4
2185,6
2186,2
2187,3
2188,9
2189,13
2190,9
2191,1
2192,15
2193,10
2194,16
2195,11
2196,16
2197,8
2198,11
2199,9
2200,5
2201,18
2202,18
2203,18
2204,10
2205,7
2206,1
2207,7
2208,9
2209,9
2210,5
2211,7
2212,5
2213,9
2214,17
2215,13
2216,16
2217,8
2218,7
2219,18
2220,6
2221,4
2222,19
2223,1
2224,10
2225,18
2226,15
2227,14
2228,16
2229,6
2230,4
2231,15
2232,11
2233,15
2234,17
2235,3
2236,11
2237,17
2238,3
2239,16
2240,6
2241,14
2242,15
2243,2
2244,17
2245,3
2246,17
2247,11
2248,5
2249,15
2250,9
2251,13
2252,12
2253,5
2254,13
2255,8
2256,5
2257,12
2258,14
2259,13
2260,3
2261,18
2262,5
2263,19
2264,4
2265,8
2266,7
2267,2
2268,18
2269,6
2270,10
2271,18
2272,0
2273,3
2274,15
2275,2
2276,17
2277,7
2278,9
2279,12
2280,13
2281,2
2282,5
2283,4
2284,8
2285,10
2286,5
2287,13
2288,5
2289,11
2290,1
2291,7
2292,16
2293,11
2294,11
2295,2
2296,3
2297,11
2298,8
2299,12
2300,13
2301,17
2302,2
2303,10
2304,19
2305,17
2306,5
2307,4
2308,6
2309,0
2310,4
2311,16
2312,10
2313,12
2314,3
2315,1
2316,7
2317,4
2318,0
2319,15
2320,15
2321,14
2322,5
2323,1
2324,13
2325,7
2326,4
2327,11
2328,4
2329,3
2330,2
2331,10
2332,1
2333,8
2334,16
2335,7
2336,8
2337,5
2338,15
2339,7
2340,2
2341,17
2342,8
2343,17
2344,5
2345,1
2346,14
2347,4
2348,15
2349,10
2350,13
2351,18
2352,10
2353,14
2354,2
2355,0
2356,12
2357,10
2358,11
2359,15
2360,3
2361,8
2362,1
2363,4
2364,2
2365,1
2366,7
2367,1
2368,3
2369,11
2370,7
2371,13
2372,10
2373,1
2374,16
2375,14
2376,6
2377,3
2378,7
2379,8
2380,2
2381,12
2382,5
2383,19
2384,4
2385,15
2386,15
2387,12
2388,4
2389,15
2390,12
2391,4
2392,1
2393,10
2394,10
2395,8
2396,1
2397,4
2398,16
2399,1
2400,3
2401,7
2402,4
2403,17
2404,6
2405,18
2406,14
2407,18
2408,16
2409,12
2410,14
2411,7
2412,7
2413,4
2414,10
2415,9
2416,12
2417,5
2418,0
2419,8
2420,15
2421,19
2422,14
2423,6
2424,5
2425,2
2426,12
2427,12
2428,15
2429,8
2430,17
2431,14
2432,14
2433,8
2434,0
2435,5
2436,13
2437,18
2438,4
2439,1
2440,4
2441,18
2442,17
2443,10
2444,17
2445,1
2446,4
2447,1
2448,14
2449,6
2450,4
2451,2
2452,18
2453,19
2454,13
2455,19
2456,9
2457,9
2458,4
2459,7
2460,12
2461,7
2462,5
2463,13
2464,18
2465,3
2466,6
2467,13
2468,3
2469,0
2470,3
2471,1
2472,4
2473,11
2474,9
2475,12
2476,1
2477,13
2478,9
2479,9
2480,12
2481,0
2482,3
2483,0
2484,16
2485,2
2486,0
2487,14
2488,5
2489,1
2490,16
2491,8
2492,16
2493,7
2494,2
2495,14
2496,1
2497,9
2498,6
2499,11
2500,15
2501,15
2502,19
2503,10
2504,6
2505,6
2506,1
2507,16
2508,16
2509,16
2510,13
2511,9
2512,8
2513,1
2514,17
2515,11
2516,18
2517,14
2518,12
2519,8
2520,5
2521,15
2522,8
2523,9
2524,2
2525,1
2526,3
2527,15
2528,2
2529,3
2530,8
2531,4
2532,4
2533,5
2534,18
2535,13
2536,15
2537,13
2538,15
2539,15
2540,7
2541,7
2542,5
2543,16
2544,6
2545,17
2546,9
2547,7
2548,15
2549,10
2550,13
2551,18
2552,16
2553,1
2554,10
2555,0
2556,13
2557,5
2558,9
2559,1
2560,4
2561,6
2562,3
2563,17
2564,16
2565,16
2566,14
2567,9
2568,14
2569,8
2570,8
2571,7
2572,4
2573,9
2574,11
2575,12
2576,4
2577,8
2578,3
2579,13
2580,3
2581,7
2582,5
2583,2
2584,2
2585,4
2586,11
2587,11
2588,9
2589,15
2590,14
2591,17
2592,8
2593,5
2594,3
2595,6
2596,10
2597,19
2598,4
2599,3
2600,16
2601,7
2602,12
2603,7
2604,9
2605,4
2606,9
2607,16
2608,8
2609,1
2610,8
2611,5
2612,5
2613,10
2614,16
2615,7
2616,10
2617,18
2618,6
2619,11
2620,0
2621,13
2622,13
2623,14
2624,11
2625,3
2626,1
2627,3
2628,4
2629,7
2630,19
2631,4
2632,10
2633,10
2634,10
2635,0
2636,3
2637,11
2638,8
2639,17
2640,5
2641,9
2642,14
2643,10
2644,7
2645,15
2646,7
2647,18
2648,15
2649,14
2650,10
2651,4
2652,6
2653,7
2654,9
2655,2
2656,6
2657,0
2658,2
2659,3
2660,12
2661,1
2662,15
2663,12
2664,14
2665,11
2666,1
2667,14
2668,16
2669,8
2670,0
2671,16
2672,17
2673,2
2674,17
2675,9
2676,9
2677,1
2678,1
2679,0
2680,11
2681,2
2682,12
2683,7
2684,15
2685,3
2686,4
2687,17
2688,7
2689,7
2690,1
2691,16
2692,16
2693,4
2694,6
2695,16
2696,1
2697,11
2698,14
2699,6
2700,6
2701,9
2702,4
2703,1
2704,7
2705,16
2706,14
2707,5
2708,1
2709,15
2710,13
2711,5
2712,15
2713,16
2714,4
2715,14
2716,13
2717,9
2718,15
2719,15
2720,16
2721,0
2722,15
2723,13
2724,18
2725,13
2726,7
2727,11
2728,0
2729,4
2730,4
2731,0
2732,10
2733,5
2734,2
2735,11
2736,8
2737,12
2738,7
2739,2
2740,15
2741,1
2742,0
2743,3
2744,6
2745,10
2746,18
2747,1
2748,9
2749,8
2750,14
2751,15
2752,14
2753,10
2754,0
2755,3
2756,15
2757,16
2758,18
2759,5
2760,17
2761,13
2762,15
2763,17
2764,17
2765,1
2766,11
2767,0
2768,7
2769,15
2770,11
2771,10
2772,12
2773,16
2774,11
2775,19
2776,9
2777,12
2778,3
2779,3
2780,15
2781,10
2782,11
2783,6
2784,10
2785,13
2786,2
2787,4
2788,11
2789,11
2790,4
2791,7
2792,9
2793,4
2794,9
2795,7
2796,13
2797,14
2798,1
2799,14
2800,0
2801,16
2802,13
2803,9
2804,14
2805,6
2806,13
2807,15
2808,11
2809,17
2810,13
2811,15
2812,13
2813,0
2814,6
2815,10
2816,5
2817,3
2818,15
2819,16
2820,9
2821,3
2822,12
2823,13
2824,16
2825,13
2826,0
2827,4
2828,3
2829,19
2830,15
2831,7
2832,9
2833,1
2834,5
2835,13
2836,8
2837,7
2838,11
2839,1
2840,16
2841,13
2842,10
2843,15
2844,10
2845,13
2846,9
2847,8
2848,13
2849,3
2850,14
2851,17
2852,16
2853,7
2854,7
2855,8
2856,17
2857,15
2858,13
2859,10
2860,12
2861,10
2862,0
2863,1
2864,10
2865,10
2866,1
2867,4
2868,12
2869,6
2870,8
2871,9
2872,13
2873,0
2874,3
2875,16
2876,11
2877,14
2878,0
2879,7
2880,11
2881,8
2882,11
2883,5
2884,12
2885,8
2886,9
2887,6
2888,0
2889,7
2890,16
2891,18
2892,12
2893,7
2894,12
2895,17
2896,6
2897,1
2898,5
2899,1
2900,9
2901,15
2902,14
2903,16
2904,15
2905,13
2906,19
2907,11
2908,17
2909,9
2910,14
2911,9
2912,10
2913,13
2914,13
2915,14
2916,0
2917,14
2918,16
2919,5
2920,2
2921,10
2922,0
2923,14
2924,15
2925,10
2926,10
2927,11
2928,12
2929,19
2930,12
2931,18
2932,5
2933,11
2934,6
2935,5
2936,6
2937,17
2938,18
2939,3
2940,10
2941,8
2942,1
2943,16
2944,4
2945,15
2946,2
2947,14
2948,14
2949,16
2950,12
2951,18
2952,4
2953,14
2954,12
2955,4
2956,6
2957,5
2958,18
2959,9
2960,5
2961,15
2962,16
2963,10
2964,15
2965,14
2966,10
2967,10
2968,14
2969,17
2970,17
2971,0
2972,15
2973,17
2974,5
2975,9
2976,7
2977,13
2978,11
2979,4
2980,9
2981,9
2982,14
2983,15
2984,5
2985,4
2986,7
2987,9
2988,14
2989,2
2990,16
2991,3
2992,2
2993,12
2994,14
2995,2
2996,17
2997,6
2998,1
2999,16
3000,11
3001,5
3002,15
3003,10
3004,13
3005,6
3006,8
3007,6
3008,16
3009,16
3010,6
3011,5
3012,1
3013,4
3014,11
3015,2
3016,8
3017,9
3018,1
3019,10
3020,4
3021,6
3022,15
3023,3
3024,3
3025,16
3026,15
3027,4
3028,14
3029,4
3030,6
3031,12
3032,0
3033,18
3034,10
3035,4
3036,4
3037,11
3038,8
3039,1
3040,15
3041,8
3042,6
3043,9
3044,17
3045,11
3046,13
3047,17
3048,9
3049,12
3050,14
3051,19
3052,15
3053,3
3054,15
3055,19
3056,1
3057,2
3058,6
3059,10
3060,16
3061,12
3062,0
3063,11
3064,11
3065,6
3066,0
3067,16
3068,0
3069,14
3070,19
3071,8
3072,12
3073,16
3074,2
3075,11
3076,11
3077,1
3078,7
3079,6
3080,13
3081,6
3082,14
3083,10
3084,0
3085,3
3086,13
3087,14
3088,2
3089,3
3090,3
3091,13
3092,14
3093,0
3094,5
3095,3
3096,9
3097,18
3098,5
3099,16
3100,12
3101,17
3102,10
3103,3
3104,16
3105,0
3106,6
3107,6
3108,14
3109,5
3110,12
3111,14
3112,0
3113,17
3114,9
3115,8
3116,14
3117,10
3118,18
3119,11
3120,10
3121,17
3122,10
3123,2
3124,18
3125,13
3126,2
3127,6
3128,10
3129,18
3130,1
3131,16
3132,4
3133,2
3134,1
3135,2
3136,4
3137,11
3138,16
3139,18
3140,2
3141,10
3142,0
3143,5
3144,15
3145,7
3146,3
3147,2
3148,4
3149,15
3150,7
3151,12
3152,8
3153,5
3154,11
3155,12
3156,13
3157,11
3158,8
3159,17
3160,13
3161,11
3162,0
3163,19
3164,16
3165,17
3166,13
3167,5
3168,8
3169,4
3170,19
3171,19
3172,13
3173,12
3174,8
3175,17
3176,16
3177,17
3178,6
3179,15
3180,7
3181,14
3182,11
3183,14
3184,7
3185,2
3186,15
3187,17
3188,15
3189,8
3190,0
3191,5
3192,10
3193,0
3194,19
3195,14
3196,3
3197,1
3198,18
3199,5
3200,2
3201,7
3202,10
3203,17
3204,4
3205,6
3206,5
3207,14
3208,13
3209,9
3210,3
3211,9
3212,18
3213,2
3214,10
3215,17
3216,10
3217,6
3218,18
3219,4
3220,10
3221,1
3222,8
3223,16
3224,16
3225,8
3226,6
3227,3
3228,18
3229,17
3230,6
3231,11
3232,6
3233,8
3234,8
3235,0
3236,1
3237,7
3238,1
3239,14
3240,14
3241,19
3242,2
3243,7
3244,2
3245,7
3246,7
3247,13
3248,12
3249,1
3250,16
3251,14
3252,6
3253,8
3254,17
3255,17
3256,4
3257,12
3258,4
3259,18
3260,12
3261,5
3262,0
3263,4
3264,9
3265,9
3266,16
3267,13
3268,9
3269,12
3270,7
3271,12
3272,7
3273,14
3274,8
3275,16
3276,10
3277,0
3278,18
3279,3
3280,16
3281,8
3282,7
3283,18
3284,5
3285,11
3286,3
3287,12
3288,3
3289,14
3290,9
3291,2
3292,11
3293,16
3294,15
3295,8
3296,14
3297,0
3298,9
3299,10
3300,0
3301,16
3302,6
3303,2
3304,8
3305,12
3306,0
3307,12
3308,1
3309,11
3310,3
3311,11
3312,16
3313,16
3314,5
3315,2
3316,9
3317,8
3318,12
3319,3
3320,3
3321,11
3322,8
3323,7
3324,9
3325,4
3326,12
3327,16
3328,10
3329,6
3330,7
3331,12
3332,0
3333,16
3334,10
3335,14
3336,1
3337,9
3338,6
3339,12
3340,11
3341,1
3342,15
3343,1
3344,1
3345,10
3346,2
3347,15
3348,1
3349,5
3350,9
3351,9
3352,1
3353,4
3354,0
3355,16
3356,6
3357,7
3358,17
3359,12
3360,17
3361,19
3362,3
3363,7
3364,9
3365,2
3366,1
3367,0
3368,9
3369,12
3370,6
3371,6
3372,11
3373,10
3374,13
3375,4
3376,2
3377,6
3378,15
3379,5
3380,8
3381,2
3382,18
3383,0
3384,10
3385,14
3386,2
3387,9
3388,1
3389,3
3390,3
3391,0
3392,0
3393,3
3394,11
3395,4
3396,4
3397,7
3398,12
3399,17
3400,19
3401,6
3402,8
3403,2
3404,17
3405,6
3406,16
3407,15
3408,0
3409,2
3410,8
3411,9
3412,12
3413,7
3414,15
3415,5
3416,7
3417,1
3418,2
3419,3
3420,11
3421,7
3422,15
3423,7
3424,10
3425,14
3426,3
3427,11
3428,8
3429,16
3430,11
3431,17
3432,2
3433,3
3434,7
3435,2
3436,1
3437,14
3438,12
3439,3
3440,12
3441,0
3442,3
3443,2
3444,2
3445,0
3446,3
3447,15
3448,16
3449,16
3450,16
3451,15
3452,10
3453,1
3454,2
3455,19
3456,0
3457,11
3458,11
3459,17
3460,9
3461,16
3462,12
3463,1
3464,17
3465,7
3466,17
3467,4
3468,0
3469,3
3470,10
3471,15
3472,15
3473,16
3474,3
3475,15
3476,14
3477,2
3478,19
3479,2
3480,15
3481,12
3482,8
3483,11
3484,6
3485,1
3486,12
3487,3
3488,10
3489,3
3490,1
3491,7
3492,2
3493,18
3494,3
3495,1
3496,4
3497,8
3498,0
3499,5
3500,8
3501,7
3502,17
3503,1
3504,17
3505,6
3506,7
3507,15
3508,4
3509,5
3510,4
3511,12
3512,5
3513,6
3514,11
3515,13
3516,0
3517,16
3518,15
3519,16
3520,7
3521,5
3522,10
3523,15
3524,5
3525,11
3526,3
3527,13
3528,8
3529,15
3530,10
3531,5
3532,7
3533,13
3534,18
3535,6
3536,9
3537,6
3538,13
3539,5
3540,8
3541,6
3542,9
3543,12
3544,15
3545,15
3546,0
3547,9
3548,3
3549,16
3550,10
3551,6
3552,5
3553,7
3554,6
3555,11
3556,3
3557,13
3558,16
3559,3
3560,0
3561,2
3562,11
3563,15
3564,16
3565,4
3566,5
3567,13
3568,3
3569,17
3570,15
3571,5
3572,12
3573,18
3574,14
3575,1
3576,1
3577,17
3578,11
3579,16
3580,14
3581,6
3582,7
3583,13
3584,17
3585,8
3586,16
3587,4
3588,5
3589,14
3590,8
3591,19
3592,15
3593,2
3594,1
3595,11
3596,15
3597,12
3598,10
3599,4
3600,14
3601,16
3602,11
3603,13
3604,19
3605,13
3606,15
3607,10
3608,14
3609,10
3610,14
3611,17
3612,16
3613,16
3614,15
3615,8
3616,8
3617,17
3618,5
3619,7
3620,12
3621,13
3622,4
3623,4
3624,8
3625,12
3626,18
3627,2
3628,17
3629,5
3630,6
3631,12
3632,11
3633,8
3634,13
3635,10
3636,19
3637,11
3638,2
3639,8
3640,6
3641,17
3642,16
3643,3
3644,16
3645,4
3646,17
3647,7
3648,0
3649,15
3650,10
3651,1
3652,10
3653,1
3654,1
3655,6
3656,12
3657,6
3658,4
3659,4
3660,16
3661,12
3662,16
3663,5
3664,7
3665,3
3666,4
3667,1
3668,6
3669,15
3670,14
3671,6
3672,15
3673,0
3674,1
3675,9
3676,10
3677,1
3678,5
3679,17
3680,5
3681,14
3682,1
3683,18
3684,15
3685,5
3686,4
3687,16
3688,7
3689,15
3690,13
3691,1
3692,8
3693,3
3694,5
3695,1
3696,15
3697,7
3698,3
3699,1
3700,9
3701,11
3702,18
3703,7
3704,15
3705,6
3706,11
3707,16
3708,7
3709,1
3710,2
3711,14
3712,10
3713,9
3714,14
3715,8
3716,0
3717,17
3718,3
3719,2
3720,12
3721,1
3722,4
3723,15
3724,14
3725,16
3726,7
3727,14
3728,3
3729,11
3730,10
3731,15
3732,14
3733,15
3734,9
3735,12
3736,8
3737,11
3738,0
3739,7
3740,7
3741,5
3742,15
3743,10
3744,11
3745,7
3746,9
3747,6
3748,15
3749,0
3750,8
3751,19
3752,3
3753,6
3754,16
3755,19
3756,10
3757,7
3758,14
3759,15
3760,2
3761,0
3762,10
3763,2
3764,8
3765,10
3766,0
3767,1
3768,15
3769,3
3770,10
3771,0
3772,9
3773,15
3774,8
3775,0
3776,1
3777,13
3778,12
3779,1
3780,12
3781,16
3782,5
3783,0
3784,13
3785,2
3786,10
3787,5
3788,0
3789,8
3790,16
3791,7
3792,16
3793,2
3794,3
3795,16
3796,9
3797,1
3798,16
3799,0
3800,10
3801,2
3802,3
3803,1
3804,15
3805,7
3806,11
3807,6
3808,18
3809,14
3810,17
3811,11
3812,15
3813,1
3814,8
3815,6
3816,7
3817,14
3818,6
3819,4
3820,9
3821,5
3822,15
3823,0
3824,18
3825,17
3826,18
3827,8
3828,15
3829,10
3830,17
3831,16
3832,16
3833,16
3834,16
3835,12
3836,10
3837,17
3838,14
3839,17
3840,10
3841,11
3842,2
3843,6
3844,8
3845,4
3846,1
3847,3
3848,9
3849,4
3850,5
3851,12
3852,17
3853,4
3854,5
3855,7
3856,15
3857,10
3858,10
3859,11
3860,1
3861,7
3862,6
3863,4
3864,16
3865,11
3866,2
3867,10
3868,11
3869,17
3870,15
3871,14
3872,16
3873,11
3874,8
3875,3
3876,16
3877,7
3878,13
3879,11
3880,10
3881,2
3882,13
3883,14
3884,18
3885,9
3886,10
3887,6
3888,4
3889,17
3890,1
3891,13
3892,1
3893,18
3894,6
3895,1
3896,19
3897,11
3898,11
3899,13
3900,15
3901,3
3902,6
3903,11
3904,19
3905,12
3906,15
3907,11
3908,19
3909,3
3910,19
3911,15
3912,4
3913,11
3914,8
3915,6
3916,15
3917,15
3918,4
3919,5
3920,11
3921,11
3922,5
3923,10
3924,18
3925,6
3926,18
3927,15
3928,7
3929,3
3930,2
3931,6
3932,17
3933,7
3934,13
3935,12
3936,0
3937,7
3938,6
3939,11
3940,9
3941,2
3942,15
3943,4
3944,0
3945,4
3946,19
3947,18
3948,18
3949,16
3950,16
3951,13
3952,13
3953,7
3954,15
3955,2
3956,4
3957,8
3958,5
3959,6
3960,0
3961,17
3962,5
3963,10
3964,2
3965,17
3966,6
3967,3
3968,13
3969,7
3970,7
3971,2
3972,14
3973,15
3974,4
3975,11
3976,12
3977,4
3978,16
3979,16
3980,7
3981,1
3982,10
3983,5
3984,13
3985,3
3986,19
3987,6
3988,16
3989,11
3990,2
3991,12
3992,11
3993,7
3994,5
3995,18
3996,10
3997,4
3998,2
3999,3
4000,14
4001,8
4002,1
4003,14
4004,3
4005,8
4006,3
4007,18
4008,12
4009,19
4010,13
4011,7
4012,14
4013,4
4014,6
4015,19
4016,6
4017,2
4018,3
4019,5
4020,4
4021,13
4022,17
4023,16
4024,4
4025,19
4026,14
4027,19
4028,11
4029,14
4030,11
4031,12
4032,11
4033,12
4034,7
4035,19
4036,17
4037,1
4038,6
4039,3
4040,15
4041,4
4042,16
4043,12
4044,15
4045,3
4046,8
4047,13
4048,19
4049,7
4050,19
4051,11
4052,5
4053,0
4054,17
4055,2
4056,0
4057,1
4058,15
4059,16
4060,15
4061,16
4062,12
4063,18
4064,15
4065,7
4066,1
4067,7
4068,3
4069,15
4070,15
4071,6
4072,17
4073,17
4074,15
4075,10
4076,10
4077,16
4078,14
4079,11
4080,10
4081,3
4082,14
4083,7
4084,11
4085,3
4086,17
4087,12
4088,5
4089,0
4090,3
4091,16
4092,15
4093,16
4094,7
4095,9
4096,17
4097,8
4098,14
4099,15
4100,3
4101,16
4102,12
4103,15
4104,4
4105,2
4106,4
4107,10
4108,11
4109,0
4110,1
4111,0
4112,8
4113,6
4114,11
4115,9
4116,13
4117,12
4118,6
4119,17
4120,10
4121,3
4122,17
4123,10
4124,3
4125,1
4126,18
4127,5
4128,18
4129,15
4130,8
4131,19
4132,0
4133,8
4134,9
4135,4
4136,5
4137,10
4138,8
4139,10
4140,8
4141,16
4142,14
4143,16
4144,6
4145,0
4146,19
4147,6
4148,17
4149,14
4150,13
4151,18
4152,10
4153,8
4154,9
4155,8
4156,11
4157,7
4158,13
4159,5
4160,6
4161,0
4162,3
4163,16
4164,10
4165,16
4166,3
4167,4
4168,4
4169,2
4170,8
4171,9
4172,16
4173,16
4174,11
4175,0
4176,5
4177,8
4178,15
4179,8
4180,2
4181,3
4182,1
4183,15
4184,3
4185,2
4186,6
4187,11
4188,7
4189,5
4190,14
4191,0
4192,4
4193,11
4194,13
4195,10
4196,4
4197,14
4198,3
4199,9
4200,19
4201,10
4202,7
4203,8
4204,12
4205,15
4206,16
4207,13
4208,12
4209,7
4210,17
4211,16
4212,17
4213,5
4214,4
4215,7
4216,13
4217,6
4218,4
4219,4
4220,9
4221,4
4222,13
4223,10
4224,13
4225,7
4226,4
4227,13
4228,3
4229,12
4230,14
4231,12
4232,12
4233,1
4234,13
4235,17
4236,3
4237,16
4238,11
4239,14
4240,13
4241,17
4242,6
4243,0
4244,15
4245,11
4246,14
4247,12
4248,17
4249,15
4250,5
4251,1
4252,15
4253,2
4254,18
4255,18
4256,15
4257,2
4258,9
4259,6
4260,1
4261,4
4262,3
4263,1
4264,1
4265,14
4266,18
4267,12
4268,12
4269,14
4270,11
4271,10
4272,4
4273,18
4274,6
4275,8
4276,5
4277,0
4278,5
4279,5
4280,1
4281,15
4282,1
4283,12
4284,0
4285,4
4286,12
4287,3
4288,6
4289,0
4290,13
4291,1
4292,6
4293,18
4294,6
4295,9
4296,1
4297,12
4298,13
4299,12
4300,2
4301,4
4302,6
4303,2
4304,10
4305,5
4306,11
4307,16
4308,15
4309,6
4310,9
4311,1
4312,13
4313,15
4314,1
4315,13
4316,2
4317,9
4318,8
4319,13
4320,17
4321,13
4322,12
4323,2
4324,13
4325,14
4326,16
4327,6
4328,16
4329,6
4330,1
4331,14
4332,16
4333,17
4334,3
4335,19
4336,1
4337,11
4338,4
4339,9
4340,3
4341,2
4342,18
4343,15
4344,11
4345,18
4346,10
4347,10
4348,3
4349,15
4350,10
4351,8
4352,9
4353,4
4354,11
4355,4
4356,6
4357,17
4358,14
4359,14
4360,3
4361,14
4362,1
4363,16
4364,5
4365,17
4366,10
4367,1
4368,19
4369,4
4370,3
4371,3
4372,1
4373,6
4374,1
4375,13
4376,17
4377,11
4378,3
4379,6
4380,2
4381,1
4382,10
4383,11
4384,17
4385,16
4386,19
4387,10
4388,8
4389,11
4390,7
4391,1
4392,11
4393,16
4394,4
4395,1
4396,5
4397,13
4398,17
4399,18
4400,12
4401,11
4402,15
4403,7
4404,15
4405,0
4406,2
4407,14
4408,2
4409,16
4410,8
4411,3
4412,15
4413,3
4414,9
4415,17
4416,1
4417,15
4418,12
4419,8
4420,6
4421,15
4422,0
4423,8
4424,6
4425,7
4426,18
4427,15
4428,1
4429,2
4430,1
4431,18
4432,11
4433,15
4434,15
4435,18
4436,17
4437,4
4438,3
4439,17
4440,17
4441,14
4442,0
4443,2
4444,11
4445,10
4446,16
4447,2
4448,14
4449,11
4450,1
4451,14
4452,9
4453,15
4454,16
4455,7
4456,14
4457,16
4458,8
4459,4
4460,12
4461,5
4462,14
4463,15
4464,13
4465,6
4466,10
4467,12
4468,11
4469,1
4470,17
4471,2
4472,7
4473,6
4474,1
4475,18
4476,12
4477,12
4478,1
4479,5
4480,9
4481,5
4482,15
4483,16
4484,11
4485,13
4486,13
4487,4
4488,7
4489,6
4490,0
4491,10
4492,17
4493,0
4494,14
4495,1
4496,15
4497,2
4498,4
4499,13
4500,8
4501,5
4502,1
4503,13
4504,6
4505,2
4506,19
4507,6
4508,16
4509,6
4510,4
4511,3
4512,12
4513,7
4514,1
4515,14
4516,17
4517,19
4518,2
4519,9
4520,0
4521,3
4522,9
4523,4
4524,1
4525,10
4526,11
4527,8
4528,13
4529,9
4530,3
4531,15
4532,4
4533,2
4534,0
4535,18
4536,9
4537,11
4538,0
4539,16
4540,5
4541,5
4542,3
4543,14
4544,1
4545,6
4546,16
4547,1
4548,9
4549,16
4550,8
4551,4
4552,7
4553,2
4554,9
4555,14
4556,13
4557,12
4558,3
4559,1
4560,8
4561,18
4562,3
4563,4
4564,10
4565,5
4566,5
4567,12
4568,9
4569,12
4570,10
4571,4
4572,15
4573,8
4574,3
4575,12
4576,1
4577,0
4578,6
4579,4
4580,12
4581,9
4582,4
4583,8
4584,4
4585,13
4586,19
4587,11
4588,19
4589,17
4590,10
4591,6
4592,7
4593,4
4594,4
4595,6
4596,6
4597,5
4598,6
4599,18
4600,16
4601,0
4602,3
4603,16
4604,4
4605,0
4606,13
4607,10
4608,10
4609,4
4610,8
4611,1
4612,6
4613,19
4614,14
4615,10
4616,3
4617,14
4618,6
4619,17
4620,12
4621,12
4622,5
4623,15
4624,14
4625,19
4626,14
4627,9
4628,2
4629,10
4630,13
4631,19
4632,9
4633,13
4634,9
4635,0
4636,11
4637,1
4638,3
4639,11
4640,2
4641,6
4642,4
4643,4
4644,12
4645,10
4646,18
4647,2
4648,3
4649,4
4650,14
4651,4
4652,0
4653,8
4654,1
4655,3
4656,14
4657,5
4658,1
4659,11
4660,16
4661,13
4662,6
4663,14
4664,0
4665,8
4666,6
4667,6
4668,0
4669,16
4670,8
4671,12
4672,6
4673,11
4674,18
4675,16
4676,10
4677,10
4678,3
4679,7
4680,15
4681,0
4682,6
4683,6
4684,11
4685,12
4686,9
4687,13
4688,8
4689,15
4690,16
4691,9
4692,2
4693,6
4694,18
4695,8
4696,14
4697,16
4698,10
4699,7
4700,5
4701,3
4702,10
4703,14
4704,12
4705,5
4706,13
4707,17
4708,2
4709,8
4710,13
4711,3
4712,16
4713,10
4714,8
4715,7
4716,9
4717,10
4718,16
4719,3
4720,11
4721,14
4722,12
4723,7
4724,16
4725,13
4726,6
4727,12
4728,17
4729,11
4730,14
4731,17
4732,4
4733,3
4734,6
4735,5
4736,6
4737,4
4738,8
4739,8
4740,8
4741,8
4742,16
4743,3
4744,8
4745,3
4746,2
4747,2
4748,10
4749,13
4750,11
4751,3
4752,3
4753,14
4754,7
4755,10
4756,11
4757,15
4758,14
4759,4
4760,4
4761,6
4762,15
4763,16
4764,10
4765,8
4766,17
4767,2
4768,18
4769,3
4770,10
4771,5
4772,16
4773,11
4774,15
4775,8
4776,0
4777,2
4778,2
4779,6
4780,14
4781,10
4782,13
4783,15
4784,0
4785,6
4786,10
4787,13
4788,15
4789,19
4790,18
4791,14
4792,8
4793,9
4794,5
4795,13
4796,11
4797,3
4798,5
4799,5
4800,0
4801,15
4802,18
4803,15
4804,2
4805,1
4806,5
4807,13
4808,9
4809,1
4810,9
4811,14
4812,14
4813,8
4814,0
4815,0
4816,11
4817,7
4818,15
4819,16
4820,4
4821,2
4822,15
4823,3
4824,5
4825,14
4826,8
4827,6
4828,6
4829,7
4830,13
4831,18
4832,7
4833,8
4834,10
4835,15
4836,13
4837,14
4838,9
4839,8
4840,12
4841,10
4842,0
4843,15
4844,8
4845,7
4846,8
4847,17
4848,12
4849,0
4850,14
4851,18
4852,1
4853,0
4854,11
4855,3
4856,18
4857,3
4858,4
4859,19
4860,14
4861,8
4862,1
4863,2
4864,14
4865,9
4866,1
4867,15
4868,17
4869,11
4870,12
4871,19
4872,8
4873,16
4874,16
4875,19
4876,9
4877,9
4878,8
4879,11
4880,9
4881,17
4882,8
4883,18
4884,15
4885,5
4886,6
4887,13
4888,16
4889,7
4890,13
4891,11
4892,11
4893,1
4894,11
4895,13
4896,15
4897,13
4898,11
4899,13
4900,5
4901,7
4902,1
4903,7
4904,15
4905,8
4906,18
4907,14
4908,0
4909,13
4910,18
4911,9
4912,3
4913,4
4914,17
4915,1
4916,0
4917,6
4918,13
4919,18
4920,9
4921,16
4922,10
4923,17
4924,2
4925,14
4926,5
4927,13
4928,16
4929,19
4930,8
4931,17
4932,18
4933,12
4934,7
4935,3
4936,9
4937,7
4938,10
4939,12
4940,16
4941,12
4942,15
4943,5
4944,5
4945,1
4946,16
4947,16
4948,4
4949,13
4950,16
4951,13
4952,1
4953,11
4954,3
4955,18
4956,6
4957,4
4958,9
4959,1
4960,6
4961,16
4962,5
4963,0
4964,2
4965,14
4966,10
4967,11
4968,9
4969,6
4970,13
4971,4
4972,15
4973,13
4974,13
4975,6
4976,19
4977,18
4978,14
4979,3
4980,4
4981,15
4982,11
4983,2
4984,8
4985,6
4986,15
4987,14
4988,8
4989,0
4990,1
4991,15
4992,14
4993,17
4994,19
4995,13
4996,17
4997,19
4998,14
4999,17
5000,2
5001,17
5002,13
5003,9
5004,14
5005,2
5006,10
5007,19
5008,8
5009,16
5010,14
5011,8
5012,12
5013,15
5014,2
5015,15
5016,18
5017,17
5018,13
5019,1
5020,9
5021,10
5022,16
5023,16
5024,2
5025,5
5026,10
5027,0
5028,10
5029,5
5030,0
5031,7
5032,18
5033,4
5034,11
5035,3
5036,2
5037,10
5038,17
5039,15
5040,16
5041,10
5042,15
5043,3
5044,12
5045,1
5046,1
5047,10
5048,4
5049,7
5050,17
5051,13
5052,4
5053,14
5054,1
5055,11
5056,11
5057,6
5058,17
5059,16
5060,5
5061,9
5062,9
5063,13
5064,1
5065,11
5066,15
5067,0
5068,13
5069,14
5070,6
5071,16
5072,8
5073,6
5074,13
5075,3
5076,2
5077,12
5078,13
5079,7
5080,12
5081,9
5082,8
5083,4
5084,1
5085,2
5086,10
5087,17
5088,9
5089,4
5090,15
5091,7
5092,5
5093,0
5094,8
5095,10
5096,13
5097,13
5098,9
5099,12
5100,7
5101,5
5102,15
5103,4
5104,9
5105,16
5106,15
5107,4
5108,16
5109,1
5110,10
5111,19
5112,12
5113,3
5114,1
5115,15
5116,16
5117,2
5118,5
5119,8
5120,5
5121,19
5122,5
5123,13
5124,12
5125,13
5126,3
5127,8
5128,18
5129,18
5130,10
5131,7
5132,17
5133,15
5134,5
5135,19
5136,11
5137,3
5138,2
5139,3
5140,16
5141,5
5142,17
5143,1
5144,10
5145,17
5146,14
5147,12
5148,11
5149,3
5150,11
5151,13
5152,10
5153,0
5154,12
5155,12
5156,5
5157,0
5158,15
5159,1
5160,7
5161,18
5162,16
5163,3
5164,16
5165,14
5166,17
5167,10
5168,15
5169,14
5170,2
5171,8
5172,4
5173,16
5174,6
5175,10
5176,10
5177,1
5178,3
5179,15
5180,3
5181,11
5182,17
5183,0
5184,10
5185,8
5186,11
5187,7
5188,5
5189,14
5190,3
5191,15
5192,11
5193,16
5194,8
5195,12
5196,5
5197,7
5198,12
5199,11
5200,4
5201,3
5202,7
5203,11
5204,2
5205,16
5206,9
5207,5
5208,3
5209,17
5210,19
5211,1
5212,2
5213,7
5214,6
5215,9
5216,1
5217,15
5218,13
5219,10
5220,8
5221,13
5222,16
5223,19
5224,5
5225,9
5226,11
5227,4
5228,0
5229,14
5230,11
5231,5
5232,14
5233,10
5234,13
5235,18
5236,4
5237,12
5238,14
5239,7
5240,0
5241,14
5242,17
5243,15
5244,6
5245,7
5246,12
5247,10
5248,18
5249,6
5250,9
5251,5
5252,15
5253,13
5254,9
5255,3
5256,15
5257,9
5258,14
5259,5
5260,8
5261,18
5262,8
5263,17
5264,16
5265,6
5266,1
5267,12
5268,10
5269,8
5270,6
5271,1
5272,15
5273,8
5274,1
5275,7
5276,14
5277,8
5278,6
5279,5
5280,9
5281,1
5282,1
5283,16
5284,15
5285,3
5286,14
5287,17
5288,17
5289,8
5290,4
5291,8
5292,8
5293,5
5294,10
5295,14
5296,14
5297,9
5298,6
5299,0
5300,0
5301,5
5302,11
5303,10
5304,14
5305,18
5306,13
5307,12
5308,8
5309,10
5310,5
5311,13
5312,9
5313,17
5314,9
5315,1
5316,12
5317,10
5318,18
5319,11
5320,14
5321,13
5322,17
5323,12
5324,14
5325,10
5326,15
5327,10
5328,12
5329,0
5330,13
5331,6
5332,3
5333,16
5334,14
5335,10
5336,2
5337,6
5338,17
5339,2
5340,11
5341,8
5342,9
5343,0
5344,13
5345,6
5346,12
5347,18
5348,16
5349,6
5350,1
5351,18
5352,6
5353,15
5354,15
5355,8
5356,17
5357,15
5358,11
5359,0
5360,12
5361,17
5362,6
5363,18
5364,17
5365,12
5366,12
5367,0
5368,11
5369,3
5370,10
5371,12
5372,5
5373,1
5374,6
5375,4
5376,14
5377,17
5378,2
5379,6
5380,16
5381,18
5382,6
5383,4
5384,5
5385,18
5386,12
5387,15
5388,12
5389,16
5390,16
5391,2
5392,11
5393,15
5394,6
5395,0
5396,19
5397,0
5398,12
5399,19
5400,12
5401,8
5402,2
5403,1
5404,4
5405,10
5406,18
5407,16
5408,6
5409,10
5410,15
5411,15
5412,15
5413,9
5414,14
5415,4
5416,2
5417,3
5418,1
5419,5
5420,10
5421,18
5422,3
5423,5
5424,2
5425,12
5426,14
5427,0
5428,16
5429,0
5430,3
5431,11
5432,13
5433,6
5434,3
5435,5
5436,2
5437,15
5438,16
5439,6
5440,5
5441,10
5442,2
5443,16
5444,5
5445,1
5446,15
5447,6
5448,2
5449,4
5450,16
5451,13
5452,17
5453,11
5454,4
5455,7
5456,13
5457,6
5458,3
5459,4
5460,17
5461,10
5462,2
5463,19
5464,9
5465,17
5466,16
5467,19
5468,15
5469,14
5470,3
5471,3
5472,5
5473,12
5474,17
5475,8
5476,16
5477,11
5478,4
5479,12
5480,12
5481,1
5482,15
5483,11
5484,17
5485,16
5486,13
5487,6
5488,6
5489,4
5490,6
5491,4
5492,7
5493,3
5494,8
5495,8
5496,0
5497,3
5498,3
5499,11
5500,11
5501,2
5502,8
5503,0
5504,2
5505,14
5506,3
5507,15
5508,11
5509,1
5510,15
5511,11
5512,11
5513,8
5514,16
5515,6
5516,12
5517,8
5518,1
5519,2
5520,3
5521,17
5522,16
5523,15
5524,10
5525,12
5526,16
5527,18
5528,5
5529,11
5530,18
5531,0
5532,3
5533,0
5534,11
5535,3
5536,2
5537,3
5538,7
5539,13
5540,5
5541,5
5542,6
5543,13
5544,15
5545,16
5546,7
5547,16
5548,12
5549,3
5550,1
5551,1
5552,4
5553,3
5554,15
5555,10
5556,10
5557,9
5558,15
5559,6
5560,16
5561,1
5562,4
5563,10
5564,3
5565,16
5566,7
5567,4
5568,7
5569,4
5570,4
5571,10
5572,16
5573,9
5574,15
5575,14
5576,9
5577,11
5578,15
5579,5
5580,8
5581,8
5582,7
5583,11
5584,0
5585,16
5586,15
5587,5
5588,0
5589,14
5590,8
5591,7
5592,12
5593,16
5594,10
5595,6
5596,5
5597,15
5598,0
5599,3
5600,10
5601,1
5602,11
5603,15
5604,15
5605,9
5606,16
5607,14
5608,13
5609,2
5610,2
5611,12
5612,11
5613,2
5614,3
5615,15
5616,5
5617,11
5618,11
5619,6
5620,1
5621,7
5622,5
5623,4
5624,18
5625,4
5626,8
5627,9
5628,12
5629,16
5630,9
5631,6
5632,12
5633,8
5634,16
5635,16
5636,8
5637,6
5638,2
5639,15
5640,16
5641,10
5642,18
5643,15
5644,7
5645,16
5646,9
5647,11
5648,12
5649,18
5650,3
5651,8
5652,12
5653,3
5654,17
5655,16
5656,2
5657,17
5658,17
5659,6
5660,6
5661,14
5662,17
5663,18
5664,14
5665,18
5666,6
5667,16
5668,9
5669,2
5670,15
5671,19
5672,2
5673,2
5674,14
5675,7
5676,17
5677,14
5678,6
5679,15
5680,15
5681,11
5682,10
5683,11
5684,16
5685,15
5686,9
5687,2
5688,6
5689,5
5690,10
5691,10
5692,6
5693,14
5694,5
5695,9
5696,3
5697,4
5698,17
5699,1
5700,2
5701,15
5702,8
5703,7
5704,12
5705,9
5706,1
5707,12
5708,7
5709,18
5710,5
5711,15
5712,17
5713,16
5714,14
5715,18
5716,19
5717,7
5718,8
5719,10
5720,8
5721,1
5722,18
5723,10
5724,1
5725,2
5726,8
5727,12
5728,10
5729,13
5730,17
5731,17
5732,1
5733,4
5734,4
5735,16
5736,2
5737,9
5738,15
5739,3
5740,1
5741,11
5742,7
5743,13
5744,16
5745,15
5746,9
5747,6
5748,6
5749,13
5750,1
5751,7
5752,10
5753,10
5754,9
5755,6
5756,14
5757,6
5758,2
5759,1
5760,4
5761,14
5762,4
5763,2
5764,15
5765,15
5766,8
5767,4
5768,3
5769,15
5770,10
5771,2
5772,1
5773,15
5774,11
5775,10
5776,3
5777,9
5778,9
5779,16
5780,13
5781,2
5782,9
5783,1
5784,13
5785,2
5786,0
5787,3
5788,17
5789,9
5790,12
5791,4
5792,14
5793,13
5794,4
5795,14
5796,3
5797,5
5798,2
5799,2
5800,4
5801,16
5802,12
5803,2
5804,2
5805,16
5806,15
5807,8
5808,11
5809,18
5810,15
5811,5
5812,12
5813,17
5814,10
5815,10
5816,5
5817,14
5818,12
5819,2
5820,14
5821,18
5822,6
5823,14
5824,13
5825,19
5826,17
5827,5
5828,6
5829,10
5830,0
5831,0
5832,15
5833,11
5834,15
5835,2
5836,8
5837,6
5838,0
5839,3
5840,2
5841,6
5842,9
5843,9
5844,6
5845,5
5846,3
5847,1
5848,9
5849,1
5850,7
5851,0
5852,10
5853,18
5854,6
5855,14
5856,2
5857,3
5858,15
5859,13
5860,8
5861,4
5862,1
5863,8
5864,1
5865,15
5866,9
5867,4
5868,3
5869,3
5870,14
5871,7
5872,5
5873,0
5874,11
5875,6
5876,13
5877,8
5878,17
5879,6
5880,16
5881,0
5882,12
5883,13
5884,7
5885,7
5886,13
5887,10
5888,14
5889,15
5890,5
5891,8
5892,5
5893,11
5894,0
5895,1
5896,6
5897,3
5898,9
5899,9
5900,18
5901,17
5902,16
5903,2
5904,11
5905,18
5906,10
5907,5
5908,15
5909,5
5910,15
5911,13
5912,0
5913,4
5914,16
5915,6
5916,0
5917,13
5918,14
5919,9
5920,5
5921,3
5922,15
5923,11
5924,4
5925,9
5926,17
5927,12
5928,9
5929,15
5930,3
5931,13
5932,15
5933,2
5934,3
5935,13
5936,5
5937,9
5938,9
5939,19
5940,5
5941,5
5942,11
5943,10
5944,0
5945,7
5946,6
5947,2
5948,14
5949,8
5950,7
5951,12
5952,4
5953,9
5954,17
5955,4
5956,18
5957,13
5958,7
5959,14
5960,6
5961,0
5962,14
5963,15
5964,7
5965,2
5966,3
5967,7
5968,3
5969,4
5970,14
5971,14
5972,11
5973,18
5974,10
5975,12
5976,8
5977,11
5978,17
5979,9
5980,5
5981,7
5982,11
5983,9
5984,4
5985,9
5986,12
5987,18
5988,16
5989,11
5990,13
5991,4
5992,13
5993,0
5994,0
5995,7
5996,19
5997,11
5998,18
5999,5
6000,2
6001,7
6002,12
6003,11
6004,19
6005,8
6006,17
6007,3
6008,10
6009,1
6010,16
6011,3
6012,2
6013,12
6014,11
6015,3
6016,7
6017,3
6018,12
6019,8
6020,6
6021,4
6022,13
6023,19
6024,17
6025,19
6026,18
6027,5
6028,9
6029,2
6030,3
6031,18
6032,16
6033,15
6034,16
6035,18
6036,11
6037,7
6038,15
6039,6
6040,16
6041,15
6042,13
6043,18
6044,2
6045,10
6046,14
6047,19
6048,2
6049,14
6050,17
6051,11
6052,8
6053,6
6054,12
6055,16
6056,0
6057,19
6058,13
6059,16
6060,11
6061,6
6062,9
6063,14
6064,14
6065,3
6066,13
6067,15
6068,8
6069,4
6070,13
6071,17
6072,18
6073,2
6074,6
6075,0
6076,8
6077,0
6078,6
6079,0
6080,11
6081,9
6082,16
6083,11
6084,8
6085,4
6086,16
6087,19
6088,16
6089,18
6090,18
6091,6
6092,9
6093,13
6094,3
6095,16
6096,7
6097,5
6098,6
6099,1
6100,12
6101,17
6102,6
6103,3
6104,14
6105,3
6106,6
6107,3
6108,5
6109,10
6110,18
6111,0
6112,0
6113,15
6114,2
6115,8
6116,18
6117,15
6118,4
6119,2
6120,15
6121,14
6122,6
6123,0
6124,2
6125,7
6126,13
6127,8
6128,7
6129,3
6130,19
6131,12
6132,17
6133,2
6134,2
6135,18
6136,5
6137,1
6138,17
6139,6
6140,19
6141,10
6142,8
6143,18
6144,18
6145,15
6146,19
6147,15
6148,9
6149,0
6150,13
6151,11
6152,6
6153,4
6154,5
6155,15
6156,3
6157,0
6158,8
6159,11
6160,6
6161,19
6162,15
6163,1
6164,15
6165,5
6166,14
6167,4
6168,5
6169,0
6170,6
6171,14
6172,7
6173,13
6174,9
6175,0
6176,11
6177,0
6178,1
6179,8
6180,3
6181,2
6182,8
6183,4
6184,5
6185,7
6186,9
6187,10
6188,8
6189,6
6190,14
6191,8
6192,14
6193,16
6194,3
6195,15
6196,8
6197,7
6198,11
6199,17
6200,4
6201,3
6202,16
6203,13
6204,9
6205,6
6206,6
6207,7
6208,13
6209,1
6210,15
6211,1
6212,2
6213,11
6214,6
6215,4
6216,17
6217,11
6218,9
6219,15
6220,6
6221,16
6222,1
6223,11
6224,4
6225,2
6226,16
6227,5
6228,15
6229,17
6230,11
6231,5
6232,2
6233,12
6234,17
6235,3
6236,12
6237,10
6238,5
6239,9
6240,4
6241,1
6242,10
6243,9
6244,14
6245,5
6246,13
6247,0
6248,7
6249,6
6250,12
6251,1
6252,17
6253,7
6254,16
6255,9
6256,4
6257,16
6258,18
6259,16
6260,3
6261,8
6262,2
6263,0
6264,3
6265,18
6266,5
6267,17
6268,8
6269,8
6270,6
6271,6
6272,4
6273,8
6274,5
6275,13
6276,14
6277,3
6278,11
6279,16
6280,4
6281,2
6282,15
6283,1
6284,14
6285,8
6286,8
6287,12
6288,17
6289,5
6290,17
6291,10
6292,10
6293,16
6294,13
6295,1
6296,9
6297,16
6298,8
6299,15
6300,2
6301,6
6302,2
6303,16
6304,18
6305,1
6306,3
6307,8
6308,6
6309,16
6310,10
6311,3
6312,19
6313,5
6314,15
6315,8
6316,11
6317,5
6318,11
6319,4
6320,16
6321,0
6322,6
6323,1
6324,8
6325,15
6326,3
6327,16
6328,0
6329,8
6330,12
6331,15
6332,4
6333,5
6334,16
6335,6
6336,5
6337,17
6338,13
6339,8
6340,12
6341,12
6342,15
6343,10
6344,2
6345,4
6346,9
6347,7
6348,8
6349,13
6350,14
6351,8
6352,2
6353,18
6354,12
6355,5
6356,13
6357,10
6358,4
6359,8
6360,12
6361,11
6362,14
6363,19
6364,13
6365,3
6366,7
6367,5
6368,11
6369,15
6370,10
6371,15
6372,7
6373,15
6374,10
6375,16
6376,17
6377,18
6378,18
6379,10
6380,11
6381,13
6382,4
6383,4
6384,5
6385,13
6386,4
6387,14
6388,6
6389,18
6390,11
6391,0
6392,10
6393,7
6394,3
6395,8
6396,16
6397,8
6398,7
6399,4
6400,11
6401,9
6402,15
6403,7
6404,10
6405,6
6406,9
6407,18
6408,8
6409,9
6410,3
6411,6
6412,15
6413,9
6414,7
6415,2
6416,7
6417,7
6418,10
6419,16
6420,3
6421,11
6422,5
6423,9
6424,11
6425,17
6426,15
6427,4
6428,12
6429,12
6430,16
6431,11
6432,7
6433,5
6434,8
6435,5
6436,12
6437,7
6438,13
6439,17
6440,4
6441,16
6442,10
6443,9
6444,9
6445,3
6446,7
6447,12
6448,5
6449,12
6450,10
6451,14
6452,16
6453,1
6454,1
6455,7
6456,10
6457,12
6458,13
6459,13
6460,13
6461,14
6462,7
6463,8
6464,18
6465,7
6466,3
6467,18
6468,8
6469,7
6470,5
6471,17
6472,3
6473,18
6474,7
6475,0
6476,10
6477,7
6478,19
6479,6
6480,17
6481,7
6482,19
6483,8
6484,0
6485,11
6486,0
6487,1
6488,9
6489,14
6490,14
6491,12
6492,6
6493,1
6494,11
6495,13
6496,15
6497,2
6498,13
6499,9
6500,8
6501,13
6502,14
6503,13
6504,6
6505,4
6506,11
6507,17
6508,6
6509,6
6510,15
6511,15
6512,7
6513,4
6514,8
6515,7
6516,12
6517,8
6518,11
6519,11
6520,13
6521,13
6522,2
6523,5
6524,4
6525,16
6526,15
6527,12
6528,8
6529,6
6530,7
6531,9
6532,12
6533,3
6534,17
6535,18
6536,9
6537,16
6538,14
6539,18
6540,11
6541,8
6542,3
6543,18
6544,19
6545,16
6546,14
6547,19
6548,17
6549,12
6550,19
6551,15
6552,7
6553,9
6554,6
6555,1
6556,8
6557,7
6558,4
6559,2
6560,17
6561,12
6562,19
6563,1
6564,5
6565,4
6566,5
6567,0
6568,7
6569,13
6570,8
6571,3
6572,7
6573,15
6574,11
6575,1
6576,12
6577,9
6578,12
6579,6
6580,0
6581,15
6582,2
6583,6
6584,9
6585,3
6586,6
6587,16
6588,7
6589,17
6590,14
6591,10
6592,17
6593,1
6594,6
6595,0
6596,17
6597,10
6598,15
6599,2
6600,1
6601,1
6602,3
6603,16
6604,14
6605,3
6606,8
6607,15
6608,6
6609,6
6610,6
6611,1
6612,10
6613,6
6614,10
6615,14
6616,10
6617,8
6618,1
6619,8
6620,16
6621,6
6622,1
6623,1
6624,13
6625,19
6626,13
6627,7
6628,7
6629,16
6630,6
6631,4
6632,16
6633,6
6634,1
6635,7
6636,7
6637,8
6638,4
6639,5
6640,4
6641,10
6642,11
6643,9
6644,13
6645,18
6646,4
6647,1
6648,14
6649,0
6650,0
6651,1
6652,10
6653,17
6654,10
6655,11
6656,4
6657,10
6658,17
6659,16
6660,0
6661,11
6662,8
6663,1
6664,14
6665,16
6666,14
6667,7
6668,5
6669,12
6670,1
6671,17
6672,9
6673,12
6674,6
6675,9
6676,7
6677,4
6678,1
6679,15
6680,10
6681,8
6682,14
6683,12
6684,10
6685,5
6686,3
6687,19
6688,11
6689,17
6690,19
6691,13
6692,6
6693,7
6694,12
6695,2
6696,8
6697,8
6698,18
6699,13
6700,1
6701,7
6702,9
6703,5
6704,9
6705,2
6706,12
6707,15
6708,2
6709,1
6710,9
6711,16
6712,15
6713,12
6714,10
6715,14
6716,12
6717,8
6718,15
6719,12
6720,8
6721,15
6722,14
6723,10
6724,3
6725,16
6726,5
6727,13
6728,15
6729,15
6730,14
6731,7
6732,2
6733,3
6734,17
6735,15
6736,8
6737,12
6738,8
6739,13
6740,8
6741,14
6742,14
6743,5
6744,1
6745,11
6746,10
6747,6
6748,5
6749,9
6750,5
6751,13
6752,10
6753,17
6754,7
6755,17
6756,9
6757,12
6758,4
6759,3
6760,8
6761,2
6762,10
6763,16
6764,12
6765,19
6766,17
6767,13
6768,2
6769,4
6770,11
6771,10
6772,13
6773,2
6774,9
6775,16
6776,9
6777,11
6778,17
6779,9
6780,11
6781,4
6782,6
6783,8
6784,6
6785,16
6786,15
6787,8
6788,3
6789,6
6790,6
6791,17
6792,17
6793,2
6794,0
6795,15
6796,14
6797,2
6798,3
6799,13
6800,14
6801,7
6802,13
6803,12
6804,7
6805,0
6806,6
6807,12
6808,9
6809,2
6810,11
6811,9
6812,17
6813,7
6814,6
6815,4
6816,17
6817,19
6818,7
6819,5
6820,16
6821,3
6822,4
6823,15
6824,12
6825,6
6826,2
6827,6
6828,7
6829,4
6830,14
6831,16
6832,6
6833,1
6834,6
6835,8
6836,10
6837,12
6838,17
6839,1
6840,17
6841,8
6842,17
6843,12
6844,7
6845,0
6846,15
6847,2
6848,18
6849,18
6850,5
6851,16
6852,2
6853,16
6854,5
6855,18
6856,7
6857,16
6858,16
6859,6
6860,14
6861,11
6862,7
6863,15
6864,6
6865,12
6866,2
6867,16
6868,2
6869,5
6870,1
6871,18
6872,16
6873,0
6874,15
6875,9
6876,6
6877,1
6878,5
6879,7
6880,10
6881,18
6882,11
6883,10
6884,0
6885,11
6886,2
6887,6
6888,14
6889,17
6890,19
6891,9
6892,4
6893,9
6894,15
6895,11
6896,16
6897,7
6898,10
6899,16
6900,15
6901,17
6902,3
6903,7
6904,9
6905,9
6906,9
6907,19
6908,8
6909,17
6910,18
6911,7
6912,1
6913,6
6914,11
6915,5
6916,3
6917,1
6918,9
6919,16
6920,12
6921,15
6922,13
6923,6
6924,8
6925,16
6926,10
6927,12
6928,18
6929,0
6930,2
6931,14
6932,3
6933,15
6934,4
6935,18
6936,16
6937,10
6938,11
6939,13
6940,11
6941,6
6942,18
6943,16
6944,11
6945,6
6946,2
6947,3
6948,13
6949,5
6950,3
6951,7
6952,0
6953,17
6954,15
6955,18
6956,13
6957,16
6958,7
6959,15
6960,16
6961,4
6962,1
6963,19
6964,1
6965,19
6966,13
6967,14
6968,4
6969,8
6970,3
6971,19
6972,3
6973,1
6974,1
6975,1
6976,18
6977,7
6978,4
6979,8
6980,8
6981,13
6982,1
6983,0
6984,14
6985,4
6986,6
6987,2
6988,16
6989,9
6990,10
6991,9
6992,13
6993,15
6994,12
6995,10
6996,13
6997,12
6998,10
6999,2
7000,16
7001,13
7002,17
7003,14
7004,1
7005,6
7006,15
7007,2
7008,7
7009,5
7010,14
7011,6
7012,6
7013,9
7014,13
7015,17
7016,13
7017,16
7018,13
7019,8
7020,6
7021,3
7022,6
7023,3
7024,8
7025,4
7026,10
7027,15
7028,11
7029,7
7030,6
7031,9
7032,16
7033,4
7034,10
7035,12
7036,14
7037,10
7038,9
7039,4
7040,17
7041,2
7042,8
7043,14
7044,11
7045,1
7046,18
7047,18
7048,15
7049,3
7050,10
7051,14
7052,6
7053,5
7054,5
7055,14
7056,7
7057,0
7058,17
7059,12
7060,7
7061,18
7062,13
7063,14
7064,4
7065,1
7066,12
7067,5
7068,1
7069,11
7070,15
7071,7
7072,8
7073,10
7074,19
7075,8
7076,4
7077,13
7078,5
7079,0
7080,13
7081,3
7082,10
7083,13
7084,14
7085,9
7086,13
7087,15
7088,6
7089,9
7090,8
7091,17
7092,8
7093,1
7094,3
7095,7
7096,6
7097,13
7098,10
7099,5
7100,5
7101,17
7102,12
7103,9
7104,6
7105,18
7106,5
7107,13
7108,4
7109,17
7110,17
7111,5
7112,14
7113,2
7114,9
7115,7
7116,1
7117,17
7118,10
7119,8
7120,0
7121,13
7122,15
7123,8
7124,2
7125,8
7126,5
7127,10
7128,9
7129,8
7130,13
7131,14
7132,7
7133,11
7134,2
7135,6
7136,11
7137,9
7138,10
7139,16
7140,1
7141,11
7142,2
7143,8
7144,17
7145,1
7146,1
7147,1
7148,3
7149,10
7150,15
7151,0
7152,1
7153,5
7154,5
7155,13
7156,10
7157,10
7158,13
7159,14
7160,17
7161,12
7162,14
7163,2
7164,2
7165,0
7166,11
7167,12
7168,4
7169,12
7170,7
7171,12
7172,12
7173,14
7174,14
7175,14
7176,1
7177,14
7178,8
7179,19
7180,15
7181,12
7182,11
7183,10
7184,11
7185,16
7186,19
7187,15
7188,15
7189,4
7190,15
7191,5
7192,15
7193,5
7194,6
7195,3
7196,17
7197,11
7198,9
7199,10
7200,9
7201,11
7202,18
7203,11
7204,16
7205,7
7206,9
7207,16
7208,15
7209,16
7210,0
7211,18
7212,8
7213,14
7214,10
7215,9
7216,12
7217,1
7218,16
7219,9
7220,19
7221,8
7222,1
7223,10
7224,15
7225,2
7226,17
7227,15
7228,0
7229,4
7230,13
7231,15
7232,1
7233,4
7234,0
7235,17
7236,17
7237,11
7238,10
7239,14
7240,11
7241,13
7242,7
7243,13
7244,5
7245,9
7246,11
7247,12
7248,0
7249,10
7250,14
7251,4
7252,4
7253,9
7254,10
7255,7
7256,2
7257,9
7258,9
7259,12
7260,10
7261,0
7262,1
7263,19
7264,14
7265,14
7266,12
7267,16
7268,4
7269,16
7270,6
7271,2
7272,15
7273,2
7274,16
7275,3
7276,4
7277,6
7278,3
7279,10
7280,12
7281,2
7282,11
7283,17
7284,3
7285,11
7286,1
7287,8
7288,17
7289,7
7290,8
7291,3
7292,10
7293,18
7294,0
7295,3
7296,10
7297,18
7298,11
7299,6
7300,17
7301,14
7302,4
7303,8
7304,5
7305,10
7306,9
7307,19
7308,6
7309,17
7310,7
7311,15
7312,8
7313,2
7314,8
7315,2
7316,2
7317,11
7318,7
7319,0
7320,8
7321,14
7322,11
7323,10
7324,11
7325,16
7326,15
7327,10
7328,6
7329,9
7330,13
7331,14
7332,2
7333,13
7334,9
7335,16
7336,16
7337,1
7338,4
7339,17
7340,15
7341,11
7342,2
7343,7
7344,15
7345,6
7346,6
7347,18
7348,10
7349,5
7350,17
7351,11
7352,8
7353,10
7354,10
7355,9
7356,2
7357,11
7358,16
7359,7
7360,17
7361,12
7362,11
7363,14
7364,0
7365,7
7366,2
7367,16
7368,16
7369,6
7370,14
7371,14
7372,3
7373,9
7374,15
7375,9
7376,6
7377,14
7378,13
7379,8
7380,11
7381,16
7382,4
7383,0
7384,2
7385,4
7386,9
7387,15
7388,6
7389,0
7390,4
7391,6
7392,6
7393,16
7394,9
7395,9
7396,17
7397,18
7398,9
7399,9
7400,12
7401,7
7402,5
7403,0
7404,19
7405,12
7406,14
7407,9
7408,19
7409,11
7410,12
7411,7
7412,17
7413,16
7414,11
7415,3
7416,11
7417,16
7418,14
7419,9
7420,8
7421,15
7422,16
7423,6
7424,10
7425,13
7426,7
7427,15
7428,16
7429,5
7430,14
7431,11
7432,7
7433,1
7434,8
7435,9
7436,9
7437,7
7438,1
7439,10
7440,14
7441,3
7442,13
7443,1
7444,11
7445,12
7446,4
7447,9
7448,6
7449,11
7450,17
7451,9
7452,1
7453,13
7454,6
7455,18
7456,0
7457,14
7458,16
7459,0
7460,1
7461,3
7462,4
7463,1
7464,15
7465,6
7466,11
7467,12
7468,17
7469,9
7470,1
7471,8
7472,11
7473,6
7474,17
7475,14
7476,4
7477,7
7478,6
7479,3
7480,3
7481,10
7482,6
7483,15
7484,10
7485,16
7486,10
7487,9
7488,11
7489,0
7490,11
7491,18
7492,0
7493,7
7494,5
7495,6
7496,14
7497,15
7498,1
7499,3
7500,10
7501,7
7502,6
7503,17
7504,16
7505,0
7506,3
7507,12
7508,6
7509,18
7510,12
7511,18
7512,7
7513,2
7514,2
7515,16
7516,9
7517,16
7518,11
7519,12
7520,13
7521,4
7522,13
7523,16
7524,18
7525,18
7526,7
7527,14
7528,4
7529,9
7530,12
7531,15
